Cliente,Region,,Producto,Tipo de Producto
Abshire-Price,Canada,,Alize Red Passion,DONANY
"Altenwerth, Considine and Corkery",Mexico,,Apricots - Dried,QUOKAR
"Anderson, Raynor and Bernier",Mexico,,"Arctic Char - Fresh, Whole",SALF
"Bernhard, Gorczany and Prosacco",Mexico,,Arizona - Plum Green Tea,QUOKAR
"Blick, Hudson and Monahan",Chile,,Artichokes - Jerusalem,DONANY
"Bogisich, Lang and Friesen",Colombia,,"Artichokes - Knobless, White",CHOTUS
Borer Group,Canada,,Asparagus - Mexican,MOC
Boyer-Streich,Mexico,,"Asparagus - White, Canned",MOC
Boyle Group,Chile,,Bagel - 12 Grain Preslice,GAMBO
Breitenberg-Mosciski,Canada,,Bagel - Sesame Seed Presliced,SALF
"Bruen, Cassin and Pacocha",Peru,,"Basil - Primerba, Paste",SALF
Conn-Kling,Canada,,Basil - Thai,DONANY
Cummings-Emmerich,Chile,,"Beans - Kidney, Canned",GAMBO
"Daugherty, Jenkins and Moore",Argentina,,Beans - Wax,QUOKAR
Davis-Roob,Colombia,,"Beef - Baby, Liver",CHOTUS
Emmerich LLC,Mexico,,"Beef - Bones, Marrow",GAMBO
Ernser-Parker,Canada,,Beef - Bresaola,LAX
Gerlach and Sons,Canada,,Beef - Ground Lean Fresh,GAMBO
Gleason-Kiehn,Mexico,,"Beef - Kindney, Whole",MOC
Glover Inc,Canada,,Beef - Ox Tongue,QUOKAR
Graham and Sons,Argentina,,Beef - Short Loin,LAX
Haley Inc,Colombia,,Beef - Tenderloin - Aa,GAMBO
Hamill-Steuber,Canada,,Beef Wellington,MOC
Hammes and Sons,Argentina,,"Beer - Alexander Kieths, Pale Ale",SALF
Hauck-Rogahn,Chile,,Beer - Creemore,DAWNE
"Hayes, Raynor and Waters",Mexico,,Black Currants,MOC
"Hayes, Ritchie and Nader",Canada,,Blueberries - Frozen,DAWNE
"Herman, Ziemann and Luettgen",Canada,,Bread - English Muffin,QUOKAR
Herzog-Gusikowski,Canada,,Bread - Malt,DONANY
Hettinger Inc,Chile,,Bread - Raisin Walnut Pull,GAMBO
Hilll Inc,Chile,,"Bread - Rolls, Corn",DONANY
Hirthe Group,Chile,,"Bread - Sticks, Thin, Plain",LAX
Hodkiewicz and Sons,Mexico,,Bread Bowl Plain,GAMBO
"Homenick, Frami and Zulauf",Argentina,,Bread Country Roll,CHOTUS
Howe Inc,Peru,,Bulgar,LAX
Hudson Group,Chile,,"Butter - Salted, Micro",DONANY
Jacobs and Sons,Argentina,,Butter Balls Salted,DAWNE
"Jakubowski, Altenwerth and Little",Colombia,,Cafe Royale,QUOKAR
"Jenkins, Lindgren and Ritchie",Colombia,,Cake - Mini Cheesecake,DONANY
Jones & Sons,Chile,,Cake - Pancake,MOC
"Jones, Hilpert and Dach",Peru,,Calvados - Boulard,CHOTUS
Keeling-O'Connell,Peru,,Cape Capensis - Fillet,QUOKAR
Kemmer and Sons,Chile,,Carbonated Water - Wildberry,QUOKAR
"Kertzmann, Johnson and Abshire",Chile,,Caviar - Salmon,GAMBO
"Leffler, Botsford and Fadel",Chile,,Chambord Royal,CHOTUS
Leffler-Braun,Argentina,,Cheese - Camembert,GAMBO
"Leuschke, Hackett and Gleason",Colombia,,Cheese - Fontina,CHOTUS
"Lindgren, Johnson and Mann",Canada,,Cheese - Goat With Herbs,CHOTUS
Lubowitz-Stamm,Colombia,,Cheese - Gouda,QUOKAR
Marvin-Mosciski,Canada,,"Cheese - Mozzarella, Buffalo",CHOTUS
McLaughlin-Gleichner,Canada,,Cheese - Oka,SALF
Monahan-Tromp,Peru,,Cheese - Pont Couvert,GAMBO
Morar Group,Peru,,Cheese - St. Paulin,DAWNE
Mraz Inc,Mexico,,Cheese - Swiss,CHOTUS
Nicolas and Sons,Peru,,"Cheese - Woolwich Goat, Log",DAWNE
O'Hara-DuBuque,Argentina,,Cherries - Fresh,CHOTUS
Parisian-Parisian,Chile,,Chick Peas - Dried,LAX
"Pouros, Ziemann and Braun",Canada,,"Chicken - Base, Ultimate",GAMBO
Powlowski-Friesen,Mexico,,"Chicken - Breast, 5 - 7 Oz",CHOTUS
"Predovic, Pollich and Gislason",Canada,,Chickhen - Chicken Phyllo,GAMBO
Predovic-Christiansen,Colombia,,Chinese Foods - Plain Fried Rice,CHOTUS
Prohaska-Bayer,Peru,,Chocolate - Feathers,SALF
Rath LLC,Argentina,,Chocolate - Milk,SALF
Renner LLC,Chile,,"Chocolate - Milk, Callets",GAMBO
"Rogahn, Jenkins and Wolff",Colombia,,Cilantro / Coriander - Fresh,DAWNE
"Rowe, Kautzer and Upton",Argentina,,Cinnamon - Ground,DONANY
"Runolfsdottir, O'Connell and Terry",Chile,,Cleaner - Comet,DAWNE
Runolfsson Inc,Argentina,,"Coconut - Shredded, Sweet",DONANY
Satterfield LLC,Chile,,Coffee - Espresso,DONANY
Schamberger-Von,Mexico,,Coffee - French Vanilla Frothy,DAWNE
"Schneider, Rice and Wehner",Peru,,Coffee Caramel Biscotti,DONANY
"Schuppe, Hand and Kutch",Canada,,Container - Clear 16 Oz,SALF
Shields and Sons,Canada,,Cookie - Oatmeal,LAX
Shields Inc,Peru,,Cookie Dough - Oatmeal Rasin,DAWNE
Sipes Inc,Mexico,,Cookies - Amaretto,SALF
"Stanton, Predovic and Larson",Argentina,,Cookies - Assorted,SALF
"Stokes, Lind and Jacobs",Argentina,,Coriander - Ground,GAMBO
"Strosin, Rodriguez and Schumm",Mexico,,"Corn - Cream, Canned",MOC
"Swaniawski, Gleichner and Conn",Canada,,"Crab - Dungeness, Whole",DONANY
Torphy Inc,Peru,,Crackers - Soda / Saltins,GAMBO
Turcotte-Zulauf,Canada,,Cranberries - Frozen,LAX
"Veum, Grady and Koepp",Argentina,,Crawfish,QUOKAR
Waters and Sons,Chile,,Cream - 10%,QUOKAR
"Wiegand, Champlin and Wuckert",Canada,,Creme De Banane - Marie,MOC
"Wiegand, Moen and Sauer",Peru,,Cucumber - Pickling Ontario,DAWNE
Williamson-Fritsch,Peru,,Cup - 4oz Translucent,DONANY
"Willms, Gulgowski and Jaskolski",Argentina,,Cut Wakame - Hanawakaba,DAWNE
"Willms, Predovic and Rippin",Colombia,,Dc - Sakura Fu,DONANY
Wiza-Towne,Peru,,Dried Figs,SALF
"Wolff, Ernser and Lang",Canada,,Dried Juniper Berries 1#/pp,GAMBO
Wuckert-Nader,Mexico,,Dried Peach,LAX
Zulauf LLC,Colombia,,Dried Specialty Mix 8oz/pp,LAX
Zulauf-Wyman,Peru,,Dried Star Anise 1#/pp,DAWNE
,,,Dried Star Anise 5#/pp,DAWNE
,,,Ecolab - Balanced Fusion,MOC
,,,Ecolab - Medallion,LAX
,,,Ecolab - Mikroklene 4/4 L,QUOKAR
,,,Ecolab - Ster Bac,DAWNE
,,,Ecolab Crystal Fusion,QUOKAR
,,,Egg - Salad Premix,DAWNE
,,,Evaporated Milk - Skim,LAX
,,,Fiddlehead - Frozen,GAMBO
,,,Filling - Mince Meat,CHOTUS
,,,Flavouring - Orange,DONANY
,,,Flour - All Purpose,GAMBO
,,,"Flour - Bran, Red",GAMBO
,,,"Flour - Buckwheat, Dark",GAMBO
,,,Flour - Chickpea,GAMBO
,,,"Flour - Corn, Fine",GAMBO
,,,Flour - Masa De Harina Mexican,SALF
,,,Flour - Teff,SALF
,,,Flower - Carnations,SALF
,,,Food Colouring - Orange,SALF
,,,Fresh Cape Gooseberries 12 pp/cs,SALF
,,,Fresh Jumbo Cremini 5#/cs,MOC
,,,Fresh Mini Cremini 5lbs,CHOTUS
,,,Fresh Portabella - 5lbs,GAMBO
,,,Fresh White Medium Mushroom 5lbs/cs,LAX
,,,Galliano,CHOTUS
,,,Garbage Bag - Clear,MOC
,,,Gatorade - Xfactor Berry,DAWNE
,,,Gelatine Powder,CHOTUS
,,,Ginger - Crystalized,LAX
,,,Goldschalger,MOC
,,,Grand Marnier,DONANY
,,,Hand Towel,SALF
,,,Heavy Duty Dust Pan,GAMBO
,,,Hersey Shakes,DAWNE
,,,Higashimaru Usukuchi Soy,MOC
,,,Honey - Liquid,GAMBO
,,,Hot Chocolate - Individual,LAX
,,,Ice Cream Bar - Hagen Daz,LAX
,,,Icecream Cone - Areo Chocolate,GAMBO
,,,"Iced Tea - Lemon, 460 Ml",SALF
,,,Island Oasis - Cappucino Mix,GAMBO
,,,Island Oasis - Magarita Mix,QUOKAR
,,,Island Oasis - Peach Daiquiri,SALF
,,,Jam - Raspberry,QUOKAR
,,,Jolt Cola - Electric Blue,MOC
,,,Juice - Apple Cider,QUOKAR
,,,"Juice - Apple, 1.36l",SALF
,,,"Juice - Apple, 341 Ml",CHOTUS
,,,Juice - Lemon,GAMBO
,,,Juice - Mango,MOC
,,,Juice - Ocean Spray Cranberry,SALF
,,,Juice - V8 Splash,DAWNE
,,,"Juice - V8, Tomato",CHOTUS
,,,Kahlua,MOC
,,,Kippers - Smoked,LAX
,,,Kohlrabi,QUOKAR
,,,Lamb - Ground,DONANY
,,,"Lamb - Leg, Boneless",GAMBO
,,,Lamb - Shoulder,DAWNE
,,,Langers - Mango Nectar,DONANY
,,,Lemon Grass,DAWNE
,,,Lemon Pepper,DAWNE
,,,Lemon Tarts,DONANY
,,,"Lemonade - Kiwi, 591 Ml",CHOTUS
,,,"Lemonade - Natural, 591 Ml",MOC
,,,Lemonade - Pineapple Passion,MOC
,,,"Lemonade - Strawberry, 591 Ml",LAX
,,,Lemons,LAX
,,,Lettuce - Green Leaf,SALF
,,,Lettuce - Treviso,QUOKAR
,,,Lettuce Romaine Chopped,DAWNE
,,,Lidsoupcont Rp12dn,MOC
,,,Lime Cordial - Roses,QUOKAR
,,,"Liners - Banana, Paper",CHOTUS
,,,"Lobster - Baby, Boiled",GAMBO
,,,Lobster - Tail 6 Oz,DONANY
,,,Longos - Chicken Caeser Salad,DONANY
,,,Longos - Lasagna Beef,DONANY
,,,Macaroons - Two Bite Choc,LAX
,,,Mackerel Whole Fresh,DONANY
,,,"Marjoram - Dried, Rubbed",SALF
,,,Mayonnaise - Individual Pkg,QUOKAR
,,,Mcguinness - Blue Curacao,DONANY
,,,Milk - 2% 250 Ml,SALF
,,,Mince Meat - Filling,QUOKAR
,,,Mints - Striped Red,MOC
,,,Miso - Soy Bean Paste,GAMBO
,,,Mix Pina Colada,DONANY
,,,Muffin - Mix - Creme Brule 15l,CHOTUS
,,,Muffin Batt - Choc Chk,QUOKAR
,,,Muffin Mix - Lemon Cranberry,MOC
,,,Muffin Mix - Oatmeal,CHOTUS
,,,Muffin Orange Individual,LAX
,,,Muffin Puck Ww Carrot,LAX
,,,Muffins - Assorted,DONANY
,,,"Mushroom - Morels, Dry",DONANY
,,,Nantucket Orange Juice,MOC
,,,Nantucket Pine Orangebanana,DAWNE
,,,Nescafe - Frothy French Vanilla,CHOTUS
,,,Nestea - Iced Tea,LAX
,,,Noodles - Steamed Chow Mein,QUOKAR
,,,Nougat - Paste / Cream,LAX
,,,"Nut - Pistachio, Shelled",CHOTUS
,,,"Nut - Walnut, Pieces",CHOTUS
,,,Octopus,DONANY
,,,Oil - Canola,MOC
,,,Okra,DONANY
,,,Olives - Kalamata,DAWNE
,,,Olives - Nicoise,LAX
,,,"Onions - Dried, Chopped",DAWNE
,,,Onions - Red,MOC
,,,Onions - Vidalia,MOC
,,,Orange Roughy 4/6 Oz,LAX
,,,ORGANIC Shiitake 5lbs/cs (L),SALF
,,,Pants Custom Dry Clean,DAWNE
,,,Paper Cocktail Umberlla 80 - 180,LAX
,,,Paper Towel Touchless,LAX
,,,Paste - Black Olive,MOC
,,,Pastry - Baked Cinnamon Stick,QUOKAR
,,,Pears - Bartlett,CHOTUS
,,,Pectin,DONANY
,,,"Pepper - Chillies, Crushed",DAWNE
,,,Pepper - Jalapeno,CHOTUS
,,,Pepper - Red Thai,DAWNE
,,,Pepper - Roasted Red,DAWNE
,,,Pepper - Sorrano,GAMBO
,,,Pie Shells 10,LAX
,,,Plasticknivesblack,QUOKAR
,,,Pomegranates,DAWNE
,,,Pop - Club Soda Can,SALF
,,,"Pork - Chop, Frenched",MOC
,,,Pork - Ground,QUOKAR
,,,"Pork - Ham, Virginia",CHOTUS
,,,Pork Ham Prager,QUOKAR
,,,Potatoes - Idaho 80 Count,SALF
,,,Puff Pastry - Sheets,DAWNE
,,,Puree - Guava,DONANY
,,,"Quail - Whole, Bone - In",CHOTUS
,,,Rabbit - Saddles,LAX
,,,Raisin - Dark,QUOKAR
,,,Raspberries - Frozen,QUOKAR
,,,Rice - Jasmine Sented,SALF
,,,Roe - White Fish,CHOTUS
,,,"Rum - Light, Captain Morgan",QUOKAR
,,,Rum - Mount Gay Eclipes,SALF
,,,Rye Special Old,MOC
,,,Sage Derby,MOC
,,,"Salsify, Organic",SALF
,,,Sauce - Cranberry,DONANY
,,,Sauce - Salsa,SALF
,,,Sauce Bbq Smokey,QUOKAR
,,,Sausage - Andouille,CHOTUS
,,,Sea Bass - Fillets,GAMBO
,,,Sea Urchin,DAWNE
,,,Shopper Bag - S - 4,MOC
,,,Shrimp - 150 - 250,DONANY
,,,Skirt - 29 Foot,QUOKAR
,,,Slt - Individual Portions,MOC
,,,Snapple Lemon Tea,SALF
,,,"Soda Water - Club Soda, 355 Ml",DAWNE
,,,Soup - Base Broth Beef,GAMBO
,,,Soup - Campbells,SALF
,,,Soup - Campbells Mac N Cheese,SALF
,,,"Soup - Campbells, Butternut",SALF
,,,"Soup - Campbells, Creamy",DONANY
,,,"Soup - Campbells, Lentil",DAWNE
,,,Soup - French Can Pea,QUOKAR
,,,Soup Knorr Chili With Beans,QUOKAR
,,,Soupcontfoam16oz 116con,QUOKAR
,,,Spice - Onion Powder Granulated,SALF
,,,Spice - Paprika,DONANY
,,,Sping Loaded Cup Dispenser,DONANY
,,,Sprouts - Onion,LAX
,,,Squash - Sunburst,LAX
,,,Squid - Breaded,GAMBO
,,,Steam Pan - Half Size Deep,LAX
,,,"Stock - Beef, White",GAMBO
,,,Strawberries - California,GAMBO
,,,Sugar - Icing,QUOKAR
,,,Sugar - Palm,CHOTUS
,,,"Sugar - Sweet N Low, Individual",LAX
,,,Syrup - Monin - Blue Curacao,GAMBO
,,,Table Cloth 120 Round White,DONANY
,,,Table Cloth 91x91 Colour,CHOTUS
,,,Tahini Paste,LAX
,,,Tamarind Paste,MOC
,,,Tarragon - Fresh,MOC
,,,Tea - Earl Grey,LAX
,,,Tea - Lemon Green Tea,CHOTUS
,,,Tea - Lemon Scented,CHOTUS
,,,Tea - Vanilla Chai,SALF
,,,Thyme - Fresh,DONANY
,,,Tofu - Soft,CHOTUS
,,,Tomato - Tricolor Cherry,MOC
,,,Tomatoes,CHOTUS
,,,"Tomatoes - Diced, Canned",LAX
,,,Tomatoes - Grape,LAX
,,,Tomatoes - Heirloom,DAWNE
,,,Tomatoes - Roma,DAWNE
,,,Tomatoes Tear Drop,DONANY
,,,Towel Dispenser,GAMBO
,,,"Trout - Hot Smkd, Dbl Fillet",CHOTUS
,,,"Trout - Rainbow, Fresh",DAWNE
,,,"Trout - Rainbow, Frozen",MOC
,,,Trout - Smoked,LAX
,,,Truffle Shells - White Chocolate,MOC
,,,V8 - Vegetable Cocktail,QUOKAR
,,,V8 Pet,LAX
,,,V8 Splash Strawberry Banana,DAWNE
,,,Vacuum Bags 12x16,QUOKAR
,,,Veal - Ground,DAWNE
,,,"Vinegar - Balsamic, White",MOC
,,,White (Bianco)Truffle Oil 250 ml,CHOTUS
,,,White Baguette,SALF
,,,Wild Mix 3#/cs,CHOTUS
,,,Wine - Alsace Gewurztraminer,GAMBO
,,,Wine - Baron De Rothschild,DAWNE
,,,Wine - Bouchard La Vignee Pinot,QUOKAR
,,,"Wine - Bourgogne 2002, La",GAMBO
,,,Wine - Cava Aria Estate Brut,QUOKAR
,,,Wine - Cave Springs Dry Riesling,SALF
,,,Wine - Cotes Du Rhone,MOC
,,,Wine - Domaine Boyar Royal,DONANY
,,,Wine - Dubouef Macon - Villages,QUOKAR
,,,Wine - Fat Bastard Merlot,DAWNE
,,,Wine - George Duboeuf Rose,LAX
,,,Wine - Kwv Chenin Blanc South,LAX
,,,Wine - Muscadet Sur Lie,SALF
,,,Wine - Periguita Fonseca,GAMBO
,,,Wine - Pinot Noir Latour,CHOTUS
,,,Wine - Pinot Noir Pond Haddock,GAMBO
,,,Wine - Prem Select Charddonany,CHOTUS
,,,"Wine - Red, Metus Rose",SALF
,,,Wine - Riesling Alsace Ac 2001,DONANY
,,,Wine - Sawmill Creek Autumn,DAWNE
,,,Wine - Segura Viudas Aria Brut,MOC
,,,Wine - Semi Dry Riesling Vineland,DAWNE
,,,Wine - Shiraz South Eastern,QUOKAR
,,,Wine - Tio Pepe Sherry Fino,MOC
,,,Wine - Tribal Sauvignon,MOC
,,,Wine - Trimbach Pinot Blanc,DONANY
,,,Wine - Vineland Estate Semi - Dry,MOC
,,,"Wine - White, Antinore Orvieto",MOC
,,,"Wine - White, Riesling, Henry Of",CHOTUS
,,,Wine - Wyndham Estate Bin 777,LAX
,,,Wine La Vielle Ferme Cote Du,SALF
,,,"Yogurt - Peach, 175 Gr",DONANY
,,,Yokaline,QUOKAR
,,,Yukon Jack,SALF
,,,"Zucchini - Mini, Green",LAX
